Class ID,Class Name,Precision,Recall,F1 Score,Support,Accuracy
0,0_Normal,0.8685,0.6440,0.7396,913,0.6440
1,1_Macrocyte,0.4183,0.9143,0.5740,70,0.9143
2,2_Microcyte,0.4077,0.6092,0.4885,87,0.6092
3,3_Spherocyte,0.8578,0.8345,0.8460,441,0.8345
4,4_Target_Cell,0.7812,0.7114,0.7447,246,0.7114
5,5_Stomatocyte,0.6467,0.9265,0.7617,245,0.9265
6,6_Ovalocyte,0.8311,0.7646,0.7965,412,0.7646
7,7_Teardrop,0.4151,0.8148,0.5500,27,0.8148
8,8_Burr_Cell,0.7987,0.8467,0.8220,150,0.8467
9,9_Schistocyte,0.6667,0.5591,0.6082,93,0.5591
10,10_Uncategorized,0.4524,0.7308,0.5588,26,0.7308
11,11_Hypochromia,0.4225,0.5197,0.4661,152,0.5197
